{"cameraMode":{"drawMode":0,"name":"Shaded","section":"Shading Mode"},"sceneLighting":false,"audioPlay":false,"sceneViewState":{"showFog":true,"showMaterialUpdate":false,"showSkybox":true,"showFlares":true,"showImageEffects":true,"showParticleSystems":true},"in2DMode":false,"pivot":{"x":0.15537500381469727,"y":-0.11882352828979492,"z":-0.06763362884521485},"rotation":{"x":-0.08789338916540146,"y":0.9020572304725647,"z":-0.21961072087287904,"w":-0.36102455854415896},"size":7.399060249328613,"orthographic":false}